"Package","Screen"
"AISCostOverheadAllocation[002].zip","AISIN201"
"AISCostOverheadAllocation[002].zip","AISIN501"
"AISCostOverheadAllocation[002].zip","WSIN0000"
"AISCostOverheadAllocation[002].zip","WSIN0000"
"CADTALKROLE[24.105.0036][3.14.663].zip","AM000008"
"CADTALKROLE[24.105.0036][3.14.663].zip","AM101000"
"CADTALKROLE[24.105.0036][3.14.663].zip","AM202500"
"CADTALKROLE[24.105.0036][3.14.663].zip","AM204500"
"CADTALKROLE[24.105.0036][3.14.663].zip","AM205000"
"CADTALKROLE[24.105.0036][3.14.663].zip","AM205500"
"CADTALKROLE[24.105.0036][3.14.663].zip","AM206500"
"CADTALKROLE[24.105.0036][3.14.663].zip","AM206500"
"CADTALKROLE[24.105.0036][3.14.663].zip","AM207000"
"CADTALKROLE[24.105.0036][3.14.663].zip","AM208000"
"CADTALKROLE[24.105.0036][3.14.663].zip","AM208100"
"CADTALKROLE[24.105.0036][3.14.663].zip","AM208500"
"CADTALKROLE[24.105.0036][3.14.663].zip","AM210000"
"CADTALKROLE[24.105.0036][3.14.663].zip","AM215000"
"CADTALKROLE[24.105.0036][3.14.663].zip","AM216000"
"CADTALKROLE[24.105.0036][3.14.663].zip","AM402000"
"CADTALKROLE[24.105.0036][3.14.663].zip","AM508000"
"CADTALKROLE[24.105.0036][3.14.663].zip","AM509000"
"CADTALKROLE[24.105.0036][3.14.663].zip","AM514000"
"CADTALKROLE[24.105.0036][3.14.663].zip","AM611000"
"CADTALKROLE[24.105.0036][3.14.663].zip","AM612000"
"CADTALKROLE[24.105.0036][3.14.663].zip","CS101500"
"CADTALKROLE[24.105.0036][3.14.663].zip","CS102000"
"CADTALKROLE[24.105.0036][3.14.663].zip","CS102500"
"CADTALKROLE[24.105.0036][3.14.663].zip","CS201010"
"CADTALKROLE[24.105.0036][3.14.663].zip","CS202000"
"CADTALKROLE[24.105.0036][3.14.663].zip","CS203000"
"CADTALKROLE[24.105.0036][3.14.663].zip","CS203100"
"CADTALKROLE[24.105.0036][3.14.663].zip","CS203500"
"CADTALKROLE[24.105.0036][3.14.663].zip","CS204000"
"CADTALKROLE[24.105.0036][3.14.663].zip","CS205000"
"CADTALKROLE[24.105.0036][3.14.663].zip","CS205010"
"CADTALKROLE[24.105.0036][3.14.663].zip","CS209020"
"CADTALKROLE[24.105.0036][3.14.663].zip","CS211000"
"CADTALKROLE[24.105.0036][3.14.663].zip","CS211000"
"CADTALKROLE[24.105.0036][3.14.663].zip","EP201500"
"CADTALKROLE[24.105.0036][3.14.663].zip","FS400900"
"CADTALKROLE[24.105.0036][3.14.663].zip","IN101000"
"CADTALKROLE[24.105.0036][3.14.663].zip","IN201000"
"CADTALKROLE[24.105.0036][3.14.663].zip","IN201000"
"CADTALKROLE[24.105.0036][3.14.663].zip","IN201000"
"CADTALKROLE[24.105.0036][3.14.663].zip","IN202000"
"CADTALKROLE[24.105.0036][3.14.663].zip","IN202000"
"CADTALKROLE[24.105.0036][3.14.663].zip","IN202000"
"CADTALKROLE[24.105.0036][3.14.663].zip","IN202500"
"CADTALKROLE[24.105.0036][3.14.663].zip","IN202520"
"CADTALKROLE[24.105.0036][3.14.663].zip","IN203000"
"CADTALKROLE[24.105.0036][3.14.663].zip","IN203500"
"CADTALKROLE[24.105.0036][3.14.663].zip","IN204000"
"CADTALKROLE[24.105.0036][3.14.663].zip","IN204010"
"CADTALKROLE[24.105.0036][3.14.663].zip","IN204060"
"CADTALKROLE[24.105.0036][3.14.663].zip","IN204500"
"CADTALKROLE[24.105.0036][3.14.663].zip","IN205000"
"CADTALKROLE[24.105.0036][3.14.663].zip","IN206000"
"CADTALKROLE[24.105.0036][3.14.663].zip","IN207000"
"CADTALKROLE[24.105.0036][3.14.663].zip","IN208800"
"CADTALKROLE[24.105.0036][3.14.663].zip","IN208900"
"CADTALKROLE[24.105.0036][3.14.663].zip","IN209000"
"CADTALKROLE[24.105.0036][3.14.663].zip","IN209000"
"CADTALKROLE[24.105.0036][3.14.663].zip","IN209500"
"CADTALKROLE[24.105.0036][3.14.663].zip","IN307000"
"CADTALKROLE[24.105.0036][3.14.663].zip","IN408500"
"CADTALKROLE[24.105.0036][3.14.663].zip","IN613000"
"CADTALKROLE[24.105.0036][3.14.663].zip","TX205500"
"CBIZ.CustFormUpdates.zip","AR303000"
"CBIZ.CustFormUpdates.zip","AR634000"
"CBIZ.EDISoLineCustomFields[005].zip","AP402000"
"CBIZ.EDISoLineCustomFields[005].zip","AR402000"
"CBIZ.EDISoLineCustomFields[005].zip","GI640597"
"CBIZ.EDISoLineCustomFields[005].zip","GI640598"
"CBIZ.EDISoLineCustomFields[005].zip","IN2025SP"
"CBIZ.EDISoLineCustomFields[005].zip","PO301000"
"CBIZ.EDISoLineCustomFields[005].zip","SO301000"
"CBIZ.EDISoLineCustomFields[005].zip","SO3031SP"
"CBIZ.EDISoLineCustomFields[005].zip","SO541012"
"CBIZ.EDISoLineCustomFields[005].zip","SO641015"
"CBIZ.EDISoLineCustomFields[005].zip","SO641030"
"CBIZ.Inquiries.zip","IGCM0102"
"CBIZ.Inquiries.zip","IGCM3098"
"CBIZ.PL.EDIInventoryFeed[003].zip","CB202000"
"CBIZ.PL.EDIInventoryFeed[003].zip","CB202000"
"CBIZ.PL.EDIInventoryFeed[003].zip","CB2020PL"
"CBIZ.PL.EDIInventoryFeed[003].zip","WSIN0000"
"CBIZ.PL.EDIInventoryFeed[003].zip","WSIN0000"
"CBIZ.PL.OBSReport[003].zip","CB501000"
"CBIZ.PL.POLot2024R2[001].zip","CB201000"
"CBIZ.PL.POLot2024R2[001].zip","CB201000"
"CBIZ.PL.POLot2024R2[001].zip","CB2010PL"
"CBIZ.PL.SalesRegion[002].zip","CB203000"
"CBIZ.PL.SalesRegion[002].zip","CB203000"
"CBIZ.PL.SalesRegion[002].zip","CB2030PL"
"CBIZ.PL.SalesRegion[002].zip","WSAR0000"
"CBIZ.PL.SalesRegion[002].zip","WSAR0000"
"CBIZ.PL.SAR[004].zip","CB204000"
"CBIZ.PL.SAR[004].zip","WSOM0000"
"CBIZ.PL.ShippingWorkflow[001].zip","SO301000"
"CBIZ.ShippingInst[010].zip","SO302000"
"CBIZ.ShippingInst[010].zip","SO302000"
"CBIZ.ShippingInst[010].zip","SO642005"
"CBIZAddCustomReportsPrint.zip","AM0026SP"
"CBIZAddCustomReportsPrint.zip","AM0042DB"
"CBIZAddCustomReportsPrint.zip","AM201500"
"CBIZAddCustomReportsPrint.zip","AM209000"
"CBIZAddCustomReportsPrint.zip","AM401000"
"CBIZAddCustomReportsPrint.zip","AM404000"
"CBIZAddCustomReportsPrint.zip","AM625012"
"CBIZAddCustomReportsPrint.zip","AM625012"
"CBIZAddCustomReportsPrint.zip","AM625013"
"CBIZAddCustomReportsPrint.zip","AM625013"
"CBIZAddCustomReportsPrint.zip","AM625014"
"CBIZAddCustomReportsPrint.zip","AM625014"
"CBIZAddCustomReportsPrint.zip","PM302000"
"CBIZRadleyMerge[008].zip","RL301000"
"CBIZRadleyMerge[008].zip","WSOM0000"
"CloudInfoFE.zip"," FE50300"
"CloudInfoFE.zip","AR301099"
"CloudInfoFE.zip","AR301199"
"CloudInfoFE.zip","AR303000"
"CloudInfoFE.zip","AR303010"
"CloudInfoFE.zip","AR303020"
"CloudInfoFE.zip","CA202000"
"CloudInfoFE.zip","CA204000"
"CloudInfoFE.zip","CM202000"
"CloudInfoFE.zip","CS101500"
"CloudInfoFE.zip","CS102000"
"CloudInfoFE.zip","CS203100"
"CloudInfoFE.zip","CS204000"
"CloudInfoFE.zip","FE000000"
"CloudInfoFE.zip","FE000311"
"CloudInfoFE.zip","FE000312"
"CloudInfoFE.zip","FE101000"
"CloudInfoFE.zip","FE101000"
"CloudInfoFE.zip","FE101000"
"CloudInfoFE.zip","FE200000"
"CloudInfoFE.zip","FE200001"
"CloudInfoFE.zip","FE200002"
"CloudInfoFE.zip","FE200003"
"CloudInfoFE.zip","FE200004"
"CloudInfoFE.zip","FE200005"
"CloudInfoFE.zip","FE200006"
"CloudInfoFE.zip","FE200007"
"CloudInfoFE.zip","FE200008"
"CloudInfoFE.zip","FE200009"
"CloudInfoFE.zip","FE200010"
"CloudInfoFE.zip","FE200011"
"CloudInfoFE.zip","FE200012"
"CloudInfoFE.zip","FE200013"
"CloudInfoFE.zip","FE200014"
"CloudInfoFE.zip","FE200015"
"CloudInfoFE.zip","FE200016"
"CloudInfoFE.zip","FE200017"
"CloudInfoFE.zip","FE200018"
"CloudInfoFE.zip","FE200019"
"CloudInfoFE.zip","FE200020"
"CloudInfoFE.zip","FE200021"
"CloudInfoFE.zip","FE200022"
"CloudInfoFE.zip","FE200023"
"CloudInfoFE.zip","FE200024"
"CloudInfoFE.zip","FE200025"
"CloudInfoFE.zip","FE200026"
"CloudInfoFE.zip","FE200027"
"CloudInfoFE.zip","FE200028"
"CloudInfoFE.zip","FE200029"
"CloudInfoFE.zip","FE200030"
"CloudInfoFE.zip","FE200031"
"CloudInfoFE.zip","FE200032"
"CloudInfoFE.zip","FE200033"
"CloudInfoFE.zip","FE200033"
"CloudInfoFE.zip","FE200034"
"CloudInfoFE.zip","FE200035"
"CloudInfoFE.zip","FE200036"
"CloudInfoFE.zip","FE200037"
"CloudInfoFE.zip","FE200038"
"CloudInfoFE.zip","FE200039"
"CloudInfoFE.zip","FE201000"
"CloudInfoFE.zip","FE202000"
"CloudInfoFE.zip","FE203000"
"CloudInfoFE.zip","FE301000"
"CloudInfoFE.zip","FE3010PL"
"CloudInfoFE.zip","FE501000"
"CloudInfoFE.zip","FE501001"
"CloudInfoFE.zip","FE502000"
"CloudInfoFE.zip","FE503000"
"CloudInfoFE.zip","FE504000"
"CloudInfoFE.zip","FE505000"
"CloudInfoFE.zip","FE602001"
"CloudInfoFE.zip","IN202000"
"CloudInfoFE.zip","IN202500"
"CloudInfoFE.zip","IN204000"
"CloudInfoFE.zip","SM200530"
"CloudInfoFE.zip","SO642100"
"CloudInfoFE.zip","SO643000"
"CloudInfoFE.zip","SO643100"
"CloudInfoFE.zip","TX205000"
"CloudInfoFE.zip","WI000062"
"CloudInfoFE.zip","WI000082"
"CloudInfoFE.zip","WSAR0000"
"CloudInfoFE.zip","WSAR0000"
"CloudInfoFE.zip","WSAR0000"
"CloudInfoFE.zip","WSOM0000"
"CloudInfoFE.zip","WSOM0000"
"CloudInfoFE.zip","WSOM0000"
"CloudInfoFE.zip","WSOM0000"
"CWLICENSING[24.200.0117][24R2.1.006.0001].zip","CWLC1000"
"CWLICENSING[24.200.0117][24R2.1.006.0001].zip","CWLC1000"
"CWLICENSING[24.200.0117][24R2.1.006.0001].zip","WI000095"
"CWLICENSING[24.200.0117][24R2.1.006.0001].zip","WSSM0000"
"CWLOCKBOX[24.200.0117][24R2.1.011.0004].zip","CWLB0000"
"CWLOCKBOX[24.200.0117][24R2.1.011.0004].zip","CWLB0000"
"CWLOCKBOX[24.200.0117][24R2.1.011.0004].zip","CWLB1000"
"CWLOCKBOX[24.200.0117][24R2.1.011.0004].zip","CWLB1000"
"CWLOCKBOX[24.200.0117][24R2.1.011.0004].zip","CWLB2010"
"CWLOCKBOX[24.200.0117][24R2.1.011.0004].zip","CWLB2010"
"CWLOCKBOX[24.200.0117][24R2.1.011.0004].zip","CWLB3010"
"CWLOCKBOX[24.200.0117][24R2.1.011.0004].zip","CWLB3010"
"CWLOCKBOX[24.200.0117][24R2.1.011.0004].zip","CWLB3010"
"CWLOCKBOX[24.200.0117][24R2.1.011.0004].zip","CWLB3020"
"CWLOCKBOX[24.200.0117][24R2.1.011.0004].zip","CWLB3020"
"CWLOCKBOX[24.200.0117][24R2.1.011.0004].zip","CWLB3020"
"CWLOCKBOX[24.200.0117][24R2.1.011.0004].zip","CWLB30PL"
"CWLOCKBOX[24.200.0117][24R2.1.011.0004].zip","CWLB30PL"
"CWLOCKBOX[24.200.0117][24R2.1.011.0004].zip","CWLB30PL"
"CWLOCKBOX[24.200.0117][24R2.1.011.0004].zip","CWLB6001"
"CWLOCKBOX[24.200.0117][24R2.1.011.0004].zip","CWLB6001"
"CWLOCKBOX[24.200.0117][24R2.1.011.0004].zip","SM206015"
"CWLOCKBOXWIKI[24.200.0117][24R2.2024.09.10].zip","WI000091"
"CWLOCKBOXWIKI[24.200.0117][24R2.2024.09.10].zip","WI000092"
"EWPAQMS[24.200.0118][24.150.223.105].zip","AM208000"
"EWPAQMS[24.200.0118][24.150.223.105].zip","AP303000"
"EWPAQMS[24.200.0118][24.150.223.105].zip","IN201000"
"EWPAQMS[24.200.0118][24.150.223.105].zip","IN202500"
"EWPAQMS[24.200.0118][24.150.223.105].zip","IN307000"
"EWPAQMS[24.200.0118][24.150.223.105].zip","IN307000"
"EWPAQMS[24.200.0118][24.150.223.105].zip","PO302000"
"EWPAQMS[24.200.0118][24.150.223.105].zip","PT000002"
"EWPAQMS[24.200.0118][24.150.223.105].zip","QC000042"
"EWPAQMS[24.200.0118][24.150.223.105].zip","QC000042"
"EWPAQMS[24.200.0118][24.150.223.105].zip","QC101000"
"EWPAQMS[24.200.0118][24.150.223.105].zip","QC101000"
"EWPAQMS[24.200.0118][24.150.223.105].zip","QC101100"
"EWPAQMS[24.200.0118][24.150.223.105].zip","QC101100"
"EWPAQMS[24.200.0118][24.150.223.105].zip","QC201000"
"EWPAQMS[24.200.0118][24.150.223.105].zip","QC201000"
"EWPAQMS[24.200.0118][24.150.223.105].zip","QC201001"
"EWPAQMS[24.200.0118][24.150.223.105].zip","QC201001"
"EWPAQMS[24.200.0118][24.150.223.105].zip","QC201100"
"EWPAQMS[24.200.0118][24.150.223.105].zip","QC201100"
"EWPAQMS[24.200.0118][24.150.223.105].zip","QC201100"
"EWPAQMS[24.200.0118][24.150.223.105].zip","QC201300"
"EWPAQMS[24.200.0118][24.150.223.105].zip","QC201300"
"EWPAQMS[24.200.0118][24.150.223.105].zip","QC201400"
"EWPAQMS[24.200.0118][24.150.223.105].zip","QC201400"
"EWPAQMS[24.200.0118][24.150.223.105].zip","QC203000"
"EWPAQMS[24.200.0118][24.150.223.105].zip","QC203000"
"EWPAQMS[24.200.0118][24.150.223.105].zip","QC204000"
"EWPAQMS[24.200.0118][24.150.223.105].zip","QC204000"
"EWPAQMS[24.200.0118][24.150.223.105].zip","QC204000"
"EWPAQMS[24.200.0118][24.150.223.105].zip","QC205100"
"EWPAQMS[24.200.0118][24.150.223.105].zip","QC205100"
"EWPAQMS[24.200.0118][24.150.223.105].zip","QC205200"
"EWPAQMS[24.200.0118][24.150.223.105].zip","QC205200"
"EWPAQMS[24.200.0118][24.150.223.105].zip","QC205300"
"EWPAQMS[24.200.0118][24.150.223.105].zip","QC205300"
"EWPAQMS[24.200.0118][24.150.223.105].zip","QC205400"
"EWPAQMS[24.200.0118][24.150.223.105].zip","QC205400"
"EWPAQMS[24.200.0118][24.150.223.105].zip","QC205500"
"EWPAQMS[24.200.0118][24.150.223.105].zip","QC205500"
"EWPAQMS[24.200.0118][24.150.223.105].zip","QC205600"
"EWPAQMS[24.200.0118][24.150.223.105].zip","QC205600"
"EWPAQMS[24.200.0118][24.150.223.105].zip","QC206000"
"EWPAQMS[24.200.0118][24.150.223.105].zip","QC206000"
"EWPAQMS[24.200.0118][24.150.223.105].zip","QC206000"
"EWPAQMS[24.200.0118][24.150.223.105].zip","QC209000"
"EWPAQMS[24.200.0118][24.150.223.105].zip","QC209000"
"EWPAQMS[24.200.0118][24.150.223.105].zip","QC209000"
"EWPAQMS[24.200.0118][24.150.223.105].zip","QC209001"
"EWPAQMS[24.200.0118][24.150.223.105].zip","QC209001"
"EWPAQMS[24.200.0118][24.150.223.105].zip","QC209001"
"EWPAQMS[24.200.0118][24.150.223.105].zip","QC209002"
"EWPAQMS[24.200.0118][24.150.223.105].zip","QC209002"
"EWPAQMS[24.200.0118][24.150.223.105].zip","QC209002"
"EWPAQMS[24.200.0118][24.150.223.105].zip","QC209003"
"EWPAQMS[24.200.0118][24.150.223.105].zip","QC209003"
"EWPAQMS[24.200.0118][24.150.223.105].zip","QC209003"
"EWPAQMS[24.200.0118][24.150.223.105].zip","QC209004"
"EWPAQMS[24.200.0118][24.150.223.105].zip","QC209004"
"EWPAQMS[24.200.0118][24.150.223.105].zip","QC209005"
"EWPAQMS[24.200.0118][24.150.223.105].zip","QC209005"
"EWPAQMS[24.200.0118][24.150.223.105].zip","QC209006"
"EWPAQMS[24.200.0118][24.150.223.105].zip","QC209006"
"EWPAQMS[24.200.0118][24.150.223.105].zip","QC209007"
"EWPAQMS[24.200.0118][24.150.223.105].zip","QC209007"
"EWPAQMS[24.200.0118][24.150.223.105].zip","QC209016"
"EWPAQMS[24.200.0118][24.150.223.105].zip","QC209018"
"EWPAQMS[24.200.0118][24.150.223.105].zip","QC209019"
"EWPAQMS[24.200.0118][24.150.223.105].zip","QC209019"
"EWPAQMS[24.200.0118][24.150.223.105].zip","QC209019"
"EWPAQMS[24.200.0118][24.150.223.105].zip","QC301000"
"EWPAQMS[24.200.0118][24.150.223.105].zip","QC301000"
"EWPAQMS[24.200.0118][24.150.223.105].zip","QC301000"
"EWPAQMS[24.200.0118][24.150.223.105].zip","QC301000"
"EWPAQMS[24.200.0118][24.150.223.105].zip","QC301001"
"EWPAQMS[24.200.0118][24.150.223.105].zip","QC301001"
"EWPAQMS[24.200.0118][24.150.223.105].zip","QC301003"
"EWPAQMS[24.200.0118][24.150.223.105].zip","QC301003"
"EWPAQMS[24.200.0118][24.150.223.105].zip","QC301003"
"EWPAQMS[24.200.0118][24.150.223.105].zip","QC301005"
"EWPAQMS[24.200.0118][24.150.223.105].zip","QC301006"
"EWPAQMS[24.200.0118][24.150.223.105].zip","QC301006"
"EWPAQMS[24.200.0118][24.150.223.105].zip","QC301007"
"EWPAQMS[24.200.0118][24.150.223.105].zip","QC301007"
"EWPAQMS[24.200.0118][24.150.223.105].zip","QC301007"
"EWPAQMS[24.200.0118][24.150.223.105].zip","QC301008"
"EWPAQMS[24.200.0118][24.150.223.105].zip","QC301008"
"EWPAQMS[24.200.0118][24.150.223.105].zip","QC301008"
"EWPAQMS[24.200.0118][24.150.223.105].zip","QC301010"
"EWPAQMS[24.200.0118][24.150.223.105].zip","QC301010"
"EWPAQMS[24.200.0118][24.150.223.105].zip","QC301100"
"EWPAQMS[24.200.0118][24.150.223.105].zip","QC301100"
"EWPAQMS[24.200.0118][24.150.223.105].zip","QC302000"
"EWPAQMS[24.200.0118][24.150.223.105].zip","QC302000"
"EWPAQMS[24.200.0118][24.150.223.105].zip","QC305100"
"EWPAQMS[24.200.0118][24.150.223.105].zip","QC305100"
"EWPAQMS[24.200.0118][24.150.223.105].zip","QC305100"
"EWPAQMS[24.200.0118][24.150.223.105].zip","QC305200"
"EWPAQMS[24.200.0118][24.150.223.105].zip","QC305200"
"EWPAQMS[24.200.0118][24.150.223.105].zip","QC305200"
"EWPAQMS[24.200.0118][24.150.223.105].zip","QC400101"
"EWPAQMS[24.200.0118][24.150.223.105].zip","QC400101"
"EWPAQMS[24.200.0118][24.150.223.105].zip","QC400101"
"EWPAQMS[24.200.0118][24.150.223.105].zip","QC400101"
"EWPAQMS[24.200.0118][24.150.223.105].zip","QC400101"
"EWPAQMS[24.200.0118][24.150.223.105].zip","QC400101"
"EWPAQMS[24.200.0118][24.150.223.105].zip","QC400101"
"EWPAQMS[24.200.0118][24.150.223.105].zip","QC400101"
"EWPAQMS[24.200.0118][24.150.223.105].zip","QC400101"
"EWPAQMS[24.200.0118][24.150.223.105].zip","QC400101"
"EWPAQMS[24.200.0118][24.150.223.105].zip","QC400101"
"EWPAQMS[24.200.0118][24.150.223.105].zip","QC400101"
"EWPAQMS[24.200.0118][24.150.223.105].zip","QC400101"
"EWPAQMS[24.200.0118][24.150.223.105].zip","QC400102"
"EWPAQMS[24.200.0118][24.150.223.105].zip","QC400102"
"EWPAQMS[24.200.0118][24.150.223.105].zip","QC400102"
"EWPAQMS[24.200.0118][24.150.223.105].zip","QC400103"
"EWPAQMS[24.200.0118][24.150.223.105].zip","QC400103"
"EWPAQMS[24.200.0118][24.150.223.105].zip","QC400103"
"EWPAQMS[24.200.0118][24.150.223.105].zip","QC400103"
"EWPAQMS[24.200.0118][24.150.223.105].zip","QC400104"
"EWPAQMS[24.200.0118][24.150.223.105].zip","QC400104"
"EWPAQMS[24.200.0118][24.150.223.105].zip","QC400104"
"EWPAQMS[24.200.0118][24.150.223.105].zip","QC400104"
"EWPAQMS[24.200.0118][24.150.223.105].zip","QC400105"
"EWPAQMS[24.200.0118][24.150.223.105].zip","QC400105"
"EWPAQMS[24.200.0118][24.150.223.105].zip","QC400105"
"EWPAQMS[24.200.0118][24.150.223.105].zip","QC400105"
"EWPAQMS[24.200.0118][24.150.223.105].zip","QC400105"
"EWPAQMS[24.200.0118][24.150.223.105].zip","QC400108"
"EWPAQMS[24.200.0118][24.150.223.105].zip","QC400108"
"EWPAQMS[24.200.0118][24.150.223.105].zip","QC400108"
"EWPAQMS[24.200.0118][24.150.223.105].zip","QC400108"
"EWPAQMS[24.200.0118][24.150.223.105].zip","QC400109"
"EWPAQMS[24.200.0118][24.150.223.105].zip","QC400109"
"EWPAQMS[24.200.0118][24.150.223.105].zip","QC400109"
"EWPAQMS[24.200.0118][24.150.223.105].zip","QC400109"
"EWPAQMS[24.200.0118][24.150.223.105].zip","QC400109"
"EWPAQMS[24.200.0118][24.150.223.105].zip","QC400110"
"EWPAQMS[24.200.0118][24.150.223.105].zip","QC400201"
"EWPAQMS[24.200.0118][24.150.223.105].zip","QC400201"
"EWPAQMS[24.200.0118][24.150.223.105].zip","QC400201"
"EWPAQMS[24.200.0118][24.150.223.105].zip","QC400201"
"EWPAQMS[24.200.0118][24.150.223.105].zip","QC400203"
"EWPAQMS[24.200.0118][24.150.223.105].zip","QC400203"
"EWPAQMS[24.200.0118][24.150.223.105].zip","QC400203"
"EWPAQMS[24.200.0118][24.150.223.105].zip","QC400204"
"EWPAQMS[24.200.0118][24.150.223.105].zip","QC400204"
"EWPAQMS[24.200.0118][24.150.223.105].zip","QC400205"
"EWPAQMS[24.200.0118][24.150.223.105].zip","QC400205"
"EWPAQMS[24.200.0118][24.150.223.105].zip","QC400208"
"EWPAQMS[24.200.0118][24.150.223.105].zip","QC400208"
"EWPAQMS[24.200.0118][24.150.223.105].zip","QC400208"
"EWPAQMS[24.200.0118][24.150.223.105].zip","QC400211"
"EWPAQMS[24.200.0118][24.150.223.105].zip","QC400215"
"EWPAQMS[24.200.0118][24.150.223.105].zip","QC400215"
"EWPAQMS[24.200.0118][24.150.223.105].zip","QC400225"
"EWPAQMS[24.200.0118][24.150.223.105].zip","QC400225"
"EWPAQMS[24.200.0118][24.150.223.105].zip","QC400225"
"EWPAQMS[24.200.0118][24.150.223.105].zip","QC401011"
"EWPAQMS[24.200.0118][24.150.223.105].zip","QC401011"
"EWPAQMS[24.200.0118][24.150.223.105].zip","QC401015"
"EWPAQMS[24.200.0118][24.150.223.105].zip","QC401015"
"EWPAQMS[24.200.0118][24.150.223.105].zip","QC401015"
"EWPAQMS[24.200.0118][24.150.223.105].zip","QC401016"
"EWPAQMS[24.200.0118][24.150.223.105].zip","QC401016"
"EWPAQMS[24.200.0118][24.150.223.105].zip","QC401017"
"EWPAQMS[24.200.0118][24.150.223.105].zip","QC401017"
"EWPAQMS[24.200.0118][24.150.223.105].zip","QC401018"
"EWPAQMS[24.200.0118][24.150.223.105].zip","QC401018"
"EWPAQMS[24.200.0118][24.150.223.105].zip","QC401019"
"EWPAQMS[24.200.0118][24.150.223.105].zip","QC401019"
"EWPAQMS[24.200.0118][24.150.223.105].zip","QC401020"
"EWPAQMS[24.200.0118][24.150.223.105].zip","QC401020"
"EWPAQMS[24.200.0118][24.150.223.105].zip","QC401021"
"EWPAQMS[24.200.0118][24.150.223.105].zip","QC401023"
"EWPAQMS[24.200.0118][24.150.223.105].zip","QC401023"
"EWPAQMS[24.200.0118][24.150.223.105].zip","QC401024"
"EWPAQMS[24.200.0118][24.150.223.105].zip","QC401024"
"EWPAQMS[24.200.0118][24.150.223.105].zip","QC401025"
"EWPAQMS[24.200.0118][24.150.223.105].zip","QC401025"
"EWPAQMS[24.200.0118][24.150.223.105].zip","QC401026"
"EWPAQMS[24.200.0118][24.150.223.105].zip","QC401027"
"EWPAQMS[24.200.0118][24.150.223.105].zip","QC401028"
"EWPAQMS[24.200.0118][24.150.223.105].zip","QC401029"
"EWPAQMS[24.200.0118][24.150.223.105].zip","QC401031"
"EWPAQMS[24.200.0118][24.150.223.105].zip","QC401031"
"EWPAQMS[24.200.0118][24.150.223.105].zip","QC401031"
"EWPAQMS[24.200.0118][24.150.223.105].zip","QC401032"
"EWPAQMS[24.200.0118][24.150.223.105].zip","QC401032"
"EWPAQMS[24.200.0118][24.150.223.105].zip","QC401035"
"EWPAQMS[24.200.0118][24.150.223.105].zip","QC401035"
"EWPAQMS[24.200.0118][24.150.223.105].zip","QC401035"
"EWPAQMS[24.200.0118][24.150.223.105].zip","QC401036"
"EWPAQMS[24.200.0118][24.150.223.105].zip","QC401037"
"EWPAQMS[24.200.0118][24.150.223.105].zip","QC401041"
"EWPAQMS[24.200.0118][24.150.223.105].zip","QC401043"
"EWPAQMS[24.200.0118][24.150.223.105].zip","QC401043"
"EWPAQMS[24.200.0118][24.150.223.105].zip","QC401044"
"EWPAQMS[24.200.0118][24.150.223.105].zip","QC401044"
"EWPAQMS[24.200.0118][24.150.223.105].zip","QC401044"
"EWPAQMS[24.200.0118][24.150.223.105].zip","QC401055"
"EWPAQMS[24.200.0118][24.150.223.105].zip","QC401055"
"EWPAQMS[24.200.0118][24.150.223.105].zip","QC401056"
"EWPAQMS[24.200.0118][24.150.223.105].zip","QC401056"
"EWPAQMS[24.200.0118][24.150.223.105].zip","QC401057"
"EWPAQMS[24.200.0118][24.150.223.105].zip","QC401057"
"EWPAQMS[24.200.0118][24.150.223.105].zip","QC401058"
"EWPAQMS[24.200.0118][24.150.223.105].zip","QC401058"
"EWPAQMS[24.200.0118][24.150.223.105].zip","QC401066"
"EWPAQMS[24.200.0118][24.150.223.105].zip","QC401066"
"EWPAQMS[24.200.0118][24.150.223.105].zip","QC401110"
"EWPAQMS[24.200.0118][24.150.223.105].zip","QC401110"
"EWPAQMS[24.200.0118][24.150.223.105].zip","QC401110"
"EWPAQMS[24.200.0118][24.150.223.105].zip","QC401111"
"EWPAQMS[24.200.0118][24.150.223.105].zip","QC403011"
"EWPAQMS[24.200.0118][24.150.223.105].zip","QC403011"
"EWPAQMS[24.200.0118][24.150.223.105].zip","QC403012"
"EWPAQMS[24.200.0118][24.150.223.105].zip","QC403012"
"EWPAQMS[24.200.0118][24.150.223.105].zip","QC403013"
"EWPAQMS[24.200.0118][24.150.223.105].zip","QC403013"
"EWPAQMS[24.200.0118][24.150.223.105].zip","QC403014"
"EWPAQMS[24.200.0118][24.150.223.105].zip","QC403014"
"EWPAQMS[24.200.0118][24.150.223.105].zip","QC403015"
"EWPAQMS[24.200.0118][24.150.223.105].zip","QC403015"
"EWPAQMS[24.200.0118][24.150.223.105].zip","QC405111"
"EWPAQMS[24.200.0118][24.150.223.105].zip","QC405111"
"EWPAQMS[24.200.0118][24.150.223.105].zip","QC405211"
"EWPAQMS[24.200.0118][24.150.223.105].zip","QC405211"
"EWPAQMS[24.200.0118][24.150.223.105].zip","QC405411"
"EWPAQMS[24.200.0118][24.150.223.105].zip","QC405411"
"EWPAQMS[24.200.0118][24.150.223.105].zip","QC405412"
"EWPAQMS[24.200.0118][24.150.223.105].zip","QC405413"
"EWPAQMS[24.200.0118][24.150.223.105].zip","QC405413"
"EWPAQMS[24.200.0118][24.150.223.105].zip","QC405413"
"EWPAQMS[24.200.0118][24.150.223.105].zip","QC405414"
"EWPAQMS[24.200.0118][24.150.223.105].zip","QC405414"
"EWPAQMS[24.200.0118][24.150.223.105].zip","QC405414"
"EWPAQMS[24.200.0118][24.150.223.105].zip","QC405415"
"EWPAQMS[24.200.0118][24.150.223.105].zip","QC405415"
"EWPAQMS[24.200.0118][24.150.223.105].zip","QC405416"
"EWPAQMS[24.200.0118][24.150.223.105].zip","QC405416"
"EWPAQMS[24.200.0118][24.150.223.105].zip","QC405418"
"EWPAQMS[24.200.0118][24.150.223.105].zip","QC405419"
"EWPAQMS[24.200.0118][24.150.223.105].zip","QC405419"
"EWPAQMS[24.200.0118][24.150.223.105].zip","QC405420"
"EWPAQMS[24.200.0118][24.150.223.105].zip","QC405420"
"EWPAQMS[24.200.0118][24.150.223.105].zip","QC405420"
"EWPAQMS[24.200.0118][24.150.223.105].zip","QC405421"
"EWPAQMS[24.200.0118][24.150.223.105].zip","QC405421"
"EWPAQMS[24.200.0118][24.150.223.105].zip","QC406011"
"EWPAQMS[24.200.0118][24.150.223.105].zip","QC406011"
"EWPAQMS[24.200.0118][24.150.223.105].zip","QC406012"
"EWPAQMS[24.200.0118][24.150.223.105].zip","QC406012"
"EWPAQMS[24.200.0118][24.150.223.105].zip","QC406013"
"EWPAQMS[24.200.0118][24.150.223.105].zip","QC406013"
"EWPAQMS[24.200.0118][24.150.223.105].zip","QC406014"
"EWPAQMS[24.200.0118][24.150.223.105].zip","QC406014"
"EWPAQMS[24.200.0118][24.150.223.105].zip","QC406017"
"EWPAQMS[24.200.0118][24.150.223.105].zip","QC406017"
"EWPAQMS[24.200.0118][24.150.223.105].zip","QC406019"
"EWPAQMS[24.200.0118][24.150.223.105].zip","QC406019"
"EWPAQMS[24.200.0118][24.150.223.105].zip","QC406020"
"EWPAQMS[24.200.0118][24.150.223.105].zip","QC406020"
"EWPAQMS[24.200.0118][24.150.223.105].zip","QC501011"
"EWPAQMS[24.200.0118][24.150.223.105].zip","QC501011"
"EWPAQMS[24.200.0118][24.150.223.105].zip","QC501012"
"EWPAQMS[24.200.0118][24.150.223.105].zip","QC501012"
"EWPAQMS[24.200.0118][24.150.223.105].zip","QC501014"
"EWPAQMS[24.200.0118][24.150.223.105].zip","QC501014"
"EWPAQMS[24.200.0118][24.150.223.105].zip","QC502012"
"EWPAQMS[24.200.0118][24.150.223.105].zip","QC502012"
"EWPAQMS[24.200.0118][24.150.223.105].zip","QC502013"
"EWPAQMS[24.200.0118][24.150.223.105].zip","QC504100"
"EWPAQMS[24.200.0118][24.150.223.105].zip","QC504100"
"EWPAQMS[24.200.0118][24.150.223.105].zip","QC504300"
"EWPAQMS[24.200.0118][24.150.223.105].zip","QC504300"
"EWPAQMS[24.200.0118][24.150.223.105].zip","QC504500"
"EWPAQMS[24.200.0118][24.150.223.105].zip","QC504500"
"EWPAQMS[24.200.0118][24.150.223.105].zip","QC504600"
"EWPAQMS[24.200.0118][24.150.223.105].zip","QC504601"
"EWPAQMS[24.200.0118][24.150.223.105].zip","QC504601"
"EWPAQMS[24.200.0118][24.150.223.105].zip","QC504601"
"EWPAQMS[24.200.0118][24.150.223.105].zip","QC504602"
"EWPAQMS[24.200.0118][24.150.223.105].zip","QC504602"
"EWPAQMS[24.200.0118][24.150.223.105].zip","QC504603"
"EWPAQMS[24.200.0118][24.150.223.105].zip","QC504603"
"EWPAQMS[24.200.0118][24.150.223.105].zip","QC504604"
"EWPAQMS[24.200.0118][24.150.223.105].zip","QC504604"
"EWPAQMS[24.200.0118][24.150.223.105].zip","QC504605"
"EWPAQMS[24.200.0118][24.150.223.105].zip","QC504605"
"EWPAQMS[24.200.0118][24.150.223.105].zip","QC504700"
"EWPAQMS[24.200.0118][24.150.223.105].zip","QC504800"
"EWPAQMS[24.200.0118][24.150.223.105].zip","QC504800"
"EWPAQMS[24.200.0118][24.150.223.105].zip","QC504900"
"EWPAQMS[24.200.0118][24.150.223.105].zip","QC504900"
"EWPAQMS[24.200.0118][24.150.223.105].zip","QC505000"
"EWPAQMS[24.200.0118][24.150.223.105].zip","QC505000"
"EWPAQMS[24.200.0118][24.150.223.105].zip","QC505100"
"EWPAQMS[24.200.0118][24.150.223.105].zip","QC505100"
"EWPAQMS[24.200.0118][24.150.223.105].zip","QC505101"
"EWPAQMS[24.200.0118][24.150.223.105].zip","QC505101"
"EWPAQMS[24.200.0118][24.150.223.105].zip","QC505102"
"EWPAQMS[24.200.0118][24.150.223.105].zip","QC505103"
"EWPAQMS[24.200.0118][24.150.223.105].zip","QC505300"
"EWPAQMS[24.200.0118][24.150.223.105].zip","QC505300"
"EWPAQMS[24.200.0118][24.150.223.105].zip","QC505400"
"EWPAQMS[24.200.0118][24.150.223.105].zip","QC505400"
"EWPAQMS[24.200.0118][24.150.223.105].zip","QC505600"
"EWPAQMS[24.200.0118][24.150.223.105].zip","QC505600"
"EWPAQMS[24.200.0118][24.150.223.105].zip","QC505700"
"EWPAQMS[24.200.0118][24.150.223.105].zip","QC506100"
"EWPAQMS[24.200.0118][24.150.223.105].zip","QC506100"
"EWPAQMS[24.200.0118][24.150.223.105].zip","QC506200"
"EWPAQMS[24.200.0118][24.150.223.105].zip","QC506200"
"EWPAQMS[24.200.0118][24.150.223.105].zip","QC506300"
"EWPAQMS[24.200.0118][24.150.223.105].zip","QC506300"
"EWPAQMS[24.200.0118][24.150.223.105].zip","QC600100"
"EWPAQMS[24.200.0118][24.150.223.105].zip","QC600100"
"EWPAQMS[24.200.0118][24.150.223.105].zip","QC601000"
"EWPAQMS[24.200.0118][24.150.223.105].zip","QC601000"
"EWPAQMS[24.200.0118][24.150.223.105].zip","QC601002"
"EWPAQMS[24.200.0118][24.150.223.105].zip","QC601002"
"EWPAQMS[24.200.0118][24.150.223.105].zip","QC601003"
"EWPAQMS[24.200.0118][24.150.223.105].zip","QC601003"
"EWPAQMS[24.200.0118][24.150.223.105].zip","QC601016"
"EWPAQMS[24.200.0118][24.150.223.105].zip","QC601016"
"EWPAQMS[24.200.0118][24.150.223.105].zip","QC601017"
"EWPAQMS[24.200.0118][24.150.223.105].zip","QC601017"
"EWPAQMS[24.200.0118][24.150.223.105].zip","QC601018"
"EWPAQMS[24.200.0118][24.150.223.105].zip","QC601018"
"EWPAQMS[24.200.0118][24.150.223.105].zip","QC601027"
"EWPAQMS[24.200.0118][24.150.223.105].zip","QC601027"
"EWPAQMS[24.200.0118][24.150.223.105].zip","QC602000"
"EWPAQMS[24.200.0118][24.150.223.105].zip","QC602000"
"EWPAQMS[24.200.0118][24.150.223.105].zip","QC602001"
"EWPAQMS[24.200.0118][24.150.223.105].zip","QC602001"
"EWPAQMS[24.200.0118][24.150.223.105].zip","QC602002"
"EWPAQMS[24.200.0118][24.150.223.105].zip","QC602002"
"EWPAQMS[24.200.0118][24.150.223.105].zip","QC603000"
"EWPAQMS[24.200.0118][24.150.223.105].zip","QC603000"
"EWPAQMS[24.200.0118][24.150.223.105].zip","QC603002"
"EWPAQMS[24.200.0118][24.150.223.105].zip","QC603002"
"EWPAQMS[24.200.0118][24.150.223.105].zip","QC607011"
"EWPAQMS[24.200.0118][24.150.223.105].zip","QC607012"
"EWPAQMS[24.200.0118][24.150.223.105].zip","QC607018"
"EWPAQMS[24.200.0118][24.150.223.105].zip","QC607019"
"EWPAQMS[24.200.0118][24.150.223.105].zip","QC608001"
"EWPAQMS[24.200.0118][24.150.223.105].zip","QC608001"
"EWPAQMS[24.200.0118][24.150.223.105].zip","QC608002"
"EWPAQMS[24.200.0118][24.150.223.105].zip","QC608002"
"EWPAQMS[24.200.0118][24.150.223.105].zip","QC609000"
"EWPAQMS[24.200.0118][24.150.223.105].zip","QC609000"
"EWPAQMS[24.200.0118][24.150.223.105].zip","QC609001"
"EWPAQMS[24.200.0118][24.150.223.105].zip","QC609002"
"EWPAQMS[24.200.0118][24.150.223.105].zip","QC609003"
"EWPAQMS[24.200.0118][24.150.223.105].zip","QC609005"
"EWPAQMS[24.200.0118][24.150.223.105].zip","QC609009"
"EWPAQMS[24.200.0118][24.150.223.105].zip","QC609010"
"EWPAQMS[24.200.0118][24.150.223.105].zip","QC609011"
"EWPAQMS[24.200.0118][24.150.223.105].zip","QC609011"
"EWPAQMS[24.200.0118][24.150.223.105].zip","QC609012"
"EWPAQMS[24.200.0118][24.150.223.105].zip","QC609012"
"EWPAQMS[24.200.0118][24.150.223.105].zip","sitemap"
"IIGCONTAINERMGMT[24.208.0020][R29].zip","IGCM0009"
"IIGCONTAINERMGMT[24.208.0020][R29].zip","IGCM0009"
"IIGCONTAINERMGMT[24.208.0020][R29].zip","IGCM0009"
"IIGCONTAINERMGMT[24.208.0020][R29].zip","IGCM0065"
"IIGCONTAINERMGMT[24.208.0020][R29].zip","IGCM0065"
"IIGCONTAINERMGMT[24.208.0020][R29].zip","IGCM0102"
"IIGCONTAINERMGMT[24.208.0020][R29].zip","IGCM0102"
"IIGCONTAINERMGMT[24.208.0020][R29].zip","IGCM0102"
"IIGCONTAINERMGMT[24.208.0020][R29].zip","IGCM0103"
"IIGCONTAINERMGMT[24.208.0020][R29].zip","IGCM0103"
"IIGCONTAINERMGMT[24.208.0020][R29].zip","IGCM0103"
"IIGCONTAINERMGMT[24.208.0020][R29].zip","IGCM0104"
"IIGCONTAINERMGMT[24.208.0020][R29].zip","IGCM0104"
"IIGCONTAINERMGMT[24.208.0020][R29].zip","IGCM0104"
"IIGCONTAINERMGMT[24.208.0020][R29].zip","IGCM0106"
"IIGCONTAINERMGMT[24.208.0020][R29].zip","IGCM0106"
"IIGCONTAINERMGMT[24.208.0020][R29].zip","IGCM0106"
"IIGCONTAINERMGMT[24.208.0020][R29].zip","IGCM0591"
"IIGCONTAINERMGMT[24.208.0020][R29].zip","IGCM0591"
"IIGCONTAINERMGMT[24.208.0020][R29].zip","IGCM1010"
"IIGCONTAINERMGMT[24.208.0020][R29].zip","IGCM1010"
"IIGCONTAINERMGMT[24.208.0020][R29].zip","IGCM1099"
"IIGCONTAINERMGMT[24.208.0020][R29].zip","IGCM1099"
"IIGCONTAINERMGMT[24.208.0020][R29].zip","IGCM2092"
"IIGCONTAINERMGMT[24.208.0020][R29].zip","IGCM2092"
"IIGCONTAINERMGMT[24.208.0020][R29].zip","IGCM2093"
"IIGCONTAINERMGMT[24.208.0020][R29].zip","IGCM2093"
"IIGCONTAINERMGMT[24.208.0020][R29].zip","IGCM2094"
"IIGCONTAINERMGMT[24.208.0020][R29].zip","IGCM2094"
"IIGCONTAINERMGMT[24.208.0020][R29].zip","IGCM2095"
"IIGCONTAINERMGMT[24.208.0020][R29].zip","IGCM2095"
"IIGCONTAINERMGMT[24.208.0020][R29].zip","IGCM2096"
"IIGCONTAINERMGMT[24.208.0020][R29].zip","IGCM2096"
"IIGCONTAINERMGMT[24.208.0020][R29].zip","IGCM2097"
"IIGCONTAINERMGMT[24.208.0020][R29].zip","IGCM2097"
"IIGCONTAINERMGMT[24.208.0020][R29].zip","IGCM2097"
"IIGCONTAINERMGMT[24.208.0020][R29].zip","IGCM3091"
"IIGCONTAINERMGMT[24.208.0020][R29].zip","IGCM3091"
"IIGCONTAINERMGMT[24.208.0020][R29].zip","IGCM3093"
"IIGCONTAINERMGMT[24.208.0020][R29].zip","IGCM3093"
"IIGCONTAINERMGMT[24.208.0020][R29].zip","IGCM3094"
"IIGCONTAINERMGMT[24.208.0020][R29].zip","IGCM3094"
"IIGCONTAINERMGMT[24.208.0020][R29].zip","IGCM3094"
"IIGCONTAINERMGMT[24.208.0020][R29].zip","IGCM3095"
"IIGCONTAINERMGMT[24.208.0020][R29].zip","IGCM3095"
"IIGCONTAINERMGMT[24.208.0020][R29].zip","IGCM3096"
"IIGCONTAINERMGMT[24.208.0020][R29].zip","IGCM3096"
"IIGCONTAINERMGMT[24.208.0020][R29].zip","IGCM3096"
"IIGCONTAINERMGMT[24.208.0020][R29].zip","IGCM3097"
"IIGCONTAINERMGMT[24.208.0020][R29].zip","IGCM3097"
"IIGCONTAINERMGMT[24.208.0020][R29].zip","IGCM3098"
"IIGCONTAINERMGMT[24.208.0020][R29].zip","IGCM3098"
"IIGCONTAINERMGMT[24.208.0020][R29].zip","IGCM3098"
"IIGCONTAINERMGMT[24.208.0020][R29].zip","IGCM3098"
"IIGCONTAINERMGMT[24.208.0020][R29].zip","IGCM3098"
"IIGCONTAINERMGMT[24.208.0020][R29].zip","IGCM3098"
"IIGCONTAINERMGMT[24.208.0020][R29].zip","IGCM3099"
"IIGCONTAINERMGMT[24.208.0020][R29].zip","IGCM3099"
"IIGCONTAINERMGMT[24.208.0020][R29].zip","IGCM5096"
"IIGCONTAINERMGMT[24.208.0020][R29].zip","IGCM5096"
"IIGCONTAINERMGMT[24.208.0020][R29].zip","IGCM5097"
"IIGCONTAINERMGMT[24.208.0020][R29].zip","IGCM5097"
"IIGCONTAINERMGMT[24.208.0020][R29].zip","IGCM5098"
"IIGCONTAINERMGMT[24.208.0020][R29].zip","IGCM5098"
"IIGCONTAINERMGMT[24.208.0020][R29].zip","IGCM5099"
"IIGCONTAINERMGMT[24.208.0020][R29].zip","IGCM5099"
"IIGCONTAINERMGMT[24.208.0020][R29].zip","IGCM6098"
"IIGCONTAINERMGMT[24.208.0020][R29].zip","IGCM6098"
"IIGCONTAINERMGMT[24.208.0020][R29].zip","IGCM6099"
"IIGCONTAINERMGMT[24.208.0020][R29].zip","IGCM6099"
"IIGCONTAINERMGMT[24.208.0020][R29].zip","IGCM6489"
"IIGCONTAINERMGMT[24.208.0020][R29].zip","IGCM6489"
"IIGCONTAINERMGMT[24.208.0020][R29].zip","IGCM6490"
"IIGCONTAINERMGMT[24.208.0020][R29].zip","IGCM6490"
"IIGCONTAINERMGMT[24.208.0020][R29].zip","IGCM6491"
"IIGCONTAINERMGMT[24.208.0020][R29].zip","IGCM6491"
"IIGCONTAINERMGMT[24.208.0020][R29].zip","IGCM6492"
"IIGCONTAINERMGMT[24.208.0020][R29].zip","IGCM6492"
"IIGCONTAINERMGMT[24.208.0020][R29].zip","IGCMDB02"
"IIGCONTAINERMGMT[24.208.0020][R29].zip","IGCMDB02"
"IIGCONTAINERMGMT[24.208.0020][R29].zip","IGCMDB02"
"IIGCONTAINERMGMT[24.208.0020][R29].zip","IIG02097"
"IIGCONTAINERMGMT[24.208.0020][R29].zip","IIG02097"
"IIGCONTAINERMGMT[24.208.0020][R29].zip","IIG06491"
"IIGCONTAINERMGMT[24.208.0020][R29].zip","IIG06499"
"IIGCONTAINERMGMT[24.208.0020][R29].zip","PO303000"
"IIGCONTAINERMGMT[24.208.0020][R29].zip","PO3030PL"
"IIGCONTAINERMGMT[24.208.0020][R29].zip","SM206025"
"IIGCONTAINERMGMT[24.208.0020][R29].zip","SM206025"
"IIGCONTAINERMGMT[24.208.0020][R29].zip","WSIN0000"
"IIGCONTAINERMGMT[24.208.0020][R29].zip","WSIN0000"
"IIGCONTAINERMGMT[24.208.0020][R29].zip","WSIN0000"
"IIGCONTAINERMGMT[24.208.0020][R29].zip","WSPO0000"
"IIGCONTAINERMGMT[24.208.0020][R29].zip","WSSM0000"
"IIGCONTAINERMGMT[24.208.0020][R29].zip","WSSM0000"
"InterastarCEMT.zip","CE100000"
"InterastarCEMT.zip","CE101004"
"InterastarCEMT.zip","CE201000"
"InterastarCEMT.zip","WSGL0000"
"InterastarCEMT.zip","WSGL0000"
"InterastarCEMT.zip","WSGL0000"
"InterastarDD1.zip","DD100000"
"InterastarDD1.zip","DD101000"
"InterastarDD1.zip","DD301000"
"InterastarDD1.zip","DD301001"
"InterastarDD1.zip","WSAR0000"
"InterastarDD1.zip","WSAR0000"
"InterastarDD1.zip","WSAR0000"
"InterastarDD1.zip","WSAR0000"
"InterastarDIOT.zip","DI403000"
"InterastarDIOT.zip","DI503000"
"InterastarDIOT.zip","WSAR0000"
"InterastarDIOT.zip","WSAR0000"
"InterastarVistaPreviaFactura.zip","AR402000"
"InterastarVistaPreviaFactura.zip","SO301000"
"InterastarVistaPreviaFactura.zip","SO4010SP"
"InterastarVistaPreviaFactura.zip","SO4050SP"
"InterastarVistaPreviaFactura.zip","SO641030"
"KitAssemblyReportPrint.zip","IN307000"
"KitAssemblyReportPrint.zip","IN307001"
"PRLStarshipEndpointGI.zip","VTGI0021"
"PRLStarshipEndpointGI.zip","VTGI0022"
"PRLStarshipEndpointGI.zip","VTGI0023"
"PRLStarshipEndpointGI.zip","VTGI0024"
"PRLStarshipEndpointGI.zip","VTGI0025"
"PRLStarshipEndpointGI.zip","VTGI0026"
"PRLStarshipEndpointGI.zip","VTGI0027"
"PRLStarshipEndpointGI.zip","VTGI0029"
"PRLStarshipEndpointGI.zip","VTGI0030"
"PRLStarshipEndpointGI.zip","VTGI0031"
"PRLStarshipEndpointGI.zip","VTGI0032"
"PXLotSerialNbrAttributeExtPkgCBIZ.zip","IN202501"
"PXLotSerialNbrAttributeExtPkgCBIZ.zip","IN202501"
"PXLotSerialNbrAttributeExtPkgCBIZ.zip","IN202501"
"PXLotSerialNbrAttributeExtPkgCBIZ.zip","IN2025LS"
"PXLotSerialNbrAttributeExtPkgCBIZ.zip","SM206015"
"PXLotSerialNbrAttributeExtPkgCBIZ.zip","WSIN0000"
"PXLotSerialNbrAttributeExtPkgCBIZ.zip","WSIN0000"
"TSPricingSalesOrderLinesCBIZ2023R1[002].zip","PG221200"
"TSPricingSalesOrderLinesCBIZ2023R1[002].zip","TS102010"
"TSPricingSalesOrderLinesCBIZ2023R1[002].zip","TS102011"
"TSPricingSalesOrderLinesCBIZ2023R1[002].zip","WSOM0000"
"TSPricingSalesOrderLinesCBIZ2023R1[002].zip","WSOM0000"
"VelixoConnectedAppConfig.zip","VE300300"
"VelixoConnectedAppConfig.zip","VE300300"
"VelixoConnectedAppConfig.zip","VE300310"
"VelixoConnectedAppConfig.zip","VE300310"
"VelixoConnectedAppConfig.zip","VE300320"
"VelixoConnectedAppConfig.zip","VE300320"
"VelixoConnectedAppConfig.zip","VE500005"
"VelixoConnectedAppConfig.zip","VE500005"
"VelixoConnectedAppConfig.zip","VE500005"
"VelixoConnectedAppConfig.zip","VE500010"
"VelixoConnectedAppConfig.zip","VE500010"
"VelixoConnectedAppConfig.zip","VE500010"
"VelixoConnectedAppConfig.zip","VE500015"
"VelixoConnectedAppConfig.zip","VE500015"
"VelixoConnectedAppConfig.zip","VE500015"
"VelixoConnectedAppConfig.zip","VE500020"
"VelixoConnectedAppConfig.zip","VE500020"
"VelixoConnectedAppConfig.zip","VE500020"
"VelixoConnectedAppConfig.zip","VE500025"
"VelixoConnectedAppConfig.zip","VE500025"
"VelixoConnectedAppConfig.zip","VE500025"
"VelixoConnectedAppConfig.zip","VE500030"
"VelixoConnectedAppConfig.zip","VE500030"
"VelixoConnectedAppConfig.zip","VE500030"
"VelixoConnectedAppConfig.zip","VE500035"
"VelixoConnectedAppConfig.zip","VE500035"
"VelixoConnectedAppConfig.zip","VE500035"
"VelixoConnectedAppConfig.zip","VE500040"
"VelixoConnectedAppConfig.zip","VE500040"
"VelixoConnectedAppConfig.zip","VE500040"
"VelixoConnectedAppConfig.zip","VE500045"
"VelixoConnectedAppConfig.zip","VE500045"
"VelixoConnectedAppConfig.zip","VE500045"
"VelixoConnectedAppConfig.zip","VE500050"
"VelixoConnectedAppConfig.zip","VE500050"
"VelixoConnectedAppConfig.zip","VE500050"
"VelixoConnectedAppConfig.zip","VE500055"
"VelixoConnectedAppConfig.zip","VE500055"
"VelixoConnectedAppConfig.zip","VE500055"
"VelixoConnectedAppConfig.zip","VE500060"
"VelixoConnectedAppConfig.zip","VE500060"
"VelixoConnectedAppConfig.zip","VE500060"
"VelixoConnectedAppConfig.zip","VE500065"
"VelixoConnectedAppConfig.zip","VE500065"
"VelixoConnectedAppConfig.zip","VE500065"
"VelixoConnectedAppConfig.zip","VE500070"
"VelixoConnectedAppConfig.zip","VE500070"
"VelixoConnectedAppConfig.zip","VE500070"
"VelixoConnectedAppConfig.zip","VE500075"
"VelixoConnectedAppConfig.zip","VE500075"
"VelixoConnectedAppConfig.zip","VE500075"
"VelixoConnectedAppConfig.zip","VE500080"
"VelixoConnectedAppConfig.zip","VE500080"
"VelixoConnectedAppConfig.zip","VE500080"
"VelixoConnectedAppConfig.zip","VE500085"
"VelixoConnectedAppConfig.zip","VE500085"
"VelixoConnectedAppConfig.zip","VE500085"
"VelixoConnectedAppConfig.zip","VE500090"
"VelixoConnectedAppConfig.zip","VE500090"
"VelixoConnectedAppConfig.zip","VE500090"
"VelixoConnectedAppConfig.zip","VE500095"
"VelixoConnectedAppConfig.zip","VE500095"
"VelixoConnectedAppConfig.zip","VE500095"
"VelixoConnectedAppConfig.zip","VE500096"
"VelixoConnectedAppConfig.zip","VE500096"
"VelixoConnectedAppConfig.zip","VE500096"
"VelixoConnectedAppConfig.zip","VE500097"
"VelixoConnectedAppConfig.zip","VE500097"
"VelixoConnectedAppConfig.zip","VE500097"
"VelixoConnectedAppConfig.zip","VE500098"
"VelixoConnectedAppConfig.zip","VE500098"
"VelixoConnectedAppConfig.zip","VE500098"
"VelixoConnectedAppConfig.zip","VE500099"
"VelixoConnectedAppConfig.zip","VE500099"
"VelixoConnectedAppConfig.zip","VE500099"
"VelixoConnectedAppConfig.zip","VE500100"
"VelixoConnectedAppConfig.zip","VE500100"
"VelixoConnectedAppConfig.zip","VE500100"
"VelixoConnectedAppConfig.zip","VE500105"
"VelixoConnectedAppConfig.zip","VE500105"
"VelixoConnectedAppConfig.zip","VE500105"
"VelixoConnectedAppConfig.zip","VE500110"
"VelixoConnectedAppConfig.zip","VE500110"
"VelixoConnectedAppConfig.zip","VE500110"
"VelixoConnectedAppConfig.zip","VE500115"
"VelixoConnectedAppConfig.zip","VE500115"
"VelixoConnectedAppConfig.zip","VE500115"
"VelixoConnectedAppConfig.zip","VE500120"
"VelixoConnectedAppConfig.zip","VE500120"
"VelixoConnectedAppConfig.zip","VE500120"
"VelixoConnectedAppConfig.zip","VE500125"
"VelixoConnectedAppConfig.zip","VE500125"
"VelixoConnectedAppConfig.zip","VE500125"
"VelixoConnectedAppConfig.zip","VE500500"
"VelixoConnectedAppConfig.zip","VE500500"
"VelixoConnectedAppConfig.zip","VE500500"
"VelixoConnectedAppConfig.zip","VE900000"
"VelixoConnectedAppConfig.zip","VE900000"
"VelixoConnectedAppConfig.zip","VE900001"
"VelixoConnectedAppConfig.zip","VE900001"
"VelixoConnectedAppConfig.zip","VE900002"
"VelixoConnectedAppConfig.zip","VE900002"
"VelixoConnectedAppConfig.zip","VE900003"
"VelixoConnectedAppConfig.zip","VE900003"
"VTechEndPointV6[24.200.0118][0001.0001].zip","VTGI0021"
"VTechEndPointV6[24.200.0118][0001.0001].zip","VTGI0021"
"VTechEndPointV6[24.200.0118][0001.0001].zip","VTGI0022"
"VTechEndPointV6[24.200.0118][0001.0001].zip","VTGI0022"
"VTechEndPointV6[24.200.0118][0001.0001].zip","VTGI0023"
"VTechEndPointV6[24.200.0118][0001.0001].zip","VTGI0023"
"VTechEndPointV6[24.200.0118][0001.0001].zip","VTGI0024"
"VTechEndPointV6[24.200.0118][0001.0001].zip","VTGI0024"
"VTechEndPointV6[24.200.0118][0001.0001].zip","VTGI0025"
"VTechEndPointV6[24.200.0118][0001.0001].zip","VTGI0025"
"VTechEndPointV6[24.200.0118][0001.0001].zip","VTGI0026"
"VTechEndPointV6[24.200.0118][0001.0001].zip","VTGI0026"
"VTechEndPointV6[24.200.0118][0001.0001].zip","VTGI0027"
"VTechEndPointV6[24.200.0118][0001.0001].zip","VTGI0027"
"VTechEndPointV6[24.200.0118][0001.0001].zip","VTGI0029"
"VTechEndPointV6[24.200.0118][0001.0001].zip","VTGI0029"
"VTechEndPointV6[24.200.0118][0001.0001].zip","VTGI0030"
"VTechEndPointV6[24.200.0118][0001.0001].zip","VTGI0030"
"VTechEndPointV6[24.200.0118][0001.0001].zip","VTGI0031"
"VTechEndPointV6[24.200.0118][0001.0001].zip","VTGI0031"
"VTechEndPointV6[24.200.0118][0001.0001].zip","VTGI0032"
"VTechEndPointV6[24.200.0118][0001.0001].zip","VTGI0032"
